Name,Chainage_m,Longitude,Latitude,UTM40N_Easting,UTM40N_Northing
ST KM 0+900,900.0,55.41439651,29.02351716,345586.79,3211627.91
1+000,1000.0,55.41507529,29.02284034,345651.89,3211552.02
2+000,2000.0,55.42387495,29.02321447,346509.52,3211582.00
3+000,3000.0,55.43295733,29.02732709,347400.17,3212025.97
4+000,4000.0,55.44178988,29.03192520,348267.13,3212524.11
5+000,5000.0,55.45016722,29.03712423,349090.56,3213089.49
6+000,6000.0,55.45939942,29.03990047,349993.64,3213385.37
7+000,7000.0,55.46966482,29.04004913,350993.51,3213388.83
8+000,8000.0,55.47984514,29.04016721,351985.05,3213389.10
9+000,9000.0,55.48998444,29.04079031,352973.30,3213445.47
10+000,10000.0,55.50010445,29.04184288,353960.26,3213549.54
11+000,11000.0,55.51032171,29.04272915,354956.44,3213635.15
12+000,12000.0,55.52053609,29.04360260,355952.31,3213719.42
13+000,13000.0,55.53069210,29.04438776,356942.34,3213794.07
14+000,14000.0,55.54087356,29.04510933,357934.75,3213861.73
15+000,15000.0,55.55107662,29.04595165,358929.42,3213942.82
16+000,16000.0,55.56123361,29.04714189,359920.04,3214062.61
17+000,17000.0,55.57145317,29.04801314,360916.31,3214147.06
18+000,18000.0,55.58167772,29.04883826,361912.98,3214226.48
19+000,19000.0,55.59188970,29.04977464,362908.56,3214318.33
20+000,20000.0,55.60208485,29.05084610,363902.66,3214425.25
21+000,21000.0,55.61230938,29.05162276,364899.21,3214499.56
22+000,22000.0,55.62252813,29.05219025,365894.91,3214550.78
23+000,23000.0,55.63273348,29.05298037,366889.57,3214626.78
24+000,24000.0,55.64292296,29.05408472,367883.08,3214737.69
25+000,25000.0,55.65315205,29.05486960,368880.01,3214813.25
26+000,26000.0,55.66332682,29.05416392,369869.77,3214723.78
27+000,27000.0,55.67330900,29.05239088,370839.46,3214516.35
28+000,28000.0,55.68326668,29.05061233,371806.78,3214308.40
29+000,29000.0,55.69205565,29.05448083,372667.28,3214727.55
30+000,30000.0,55.70040926,29.05891452,373486.02,3215209.84
31+000,31000.0,55.70989667,29.06167660,374413.04,3215505.76
32+000,32000.0,55.72007881,29.06221149,375404.97,3215554.23
33+000,33000.0,55.73024657,29.06343084,376396.30,3215678.64
34+000,34000.0,55.74047771,29.06404347,377393.06,3215735.84
35+000,35000.0,55.75067878,29.06499163,378387.27,3215830.34
36+000,36000.0,55.76073827,29.06631647,379368.11,3215966.81
37+000,37000.0,55.77065877,29.06842129,380336.30,3216189.93
38+000,38000.0,55.78075784,29.07005905,381321.30,3216361.19
39+000,39000.0,55.79085725,29.07169606,382306.29,3216532.46
40+000,40000.0,55.80095691,29.07333230,383291.28,3216703.72
41+000,41000.0,55.81105682,29.07496778,384276.26,3216874.98
42+000,42000.0,55.82115708,29.07660250,385261.23,3217046.25
43+000,43000.0,55.83125768,29.07823647,386246.21,3217217.51
44+000,44000.0,55.84135863,29.07986969,387231.19,3217388.77
45+000,45000.0,55.85145992,29.08150216,388216.16,3217560.03
46+000,46000.0,55.86156156,29.08313388,389201.14,3217731.29
47+000,47000.0,55.87166355,29.08476484,390186.12,3217902.56
48+000,48000.0,55.88176587,29.08639505,391171.09,3218073.82
49+000,49000.0,55.89186854,29.08802451,392156.07,3218245.08
50+000,50000.0,55.90197156,29.08965322,393141.05,3218416.34
51+000,51000.0,55.91031506,29.09462460,393958.17,3218959.65
52+000,52000.0,55.91647881,29.10142103,394564.96,3219707.19
53+000,53000.0,55.92646396,29.10314373,395538.39,3219889.17
54+000,54000.0,55.93669144,29.10396891,396534.47,3219971.58
55+000,55000.0,55.94688866,29.10481676,397527.62,3220056.61
56+000,56000.0,55.95714398,29.10534964,398526.09,3220106.77
57+000,57000.0,55.96740305,29.10581869,399524.85,3220149.95
58+000,58000.0,55.97765857,29.10635003,400523.31,3220200.12
59+000,59000.0,55.98791188,29.10679006,401521.46,3220240.25
60+000,60000.0,55.99815831,29.10737715,402519.07,3220296.78
61+000,61000.0,56.00840895,29.10793847,403517.05,3220350.53
62+000,62000.0,56.01866482,29.10846667,404515.50,3220400.70
63+000,63000.0,56.02892081,29.10899409,405513.95,3220450.87
64+000,64000.0,56.03917693,29.10952073,406512.39,3220501.03
65+000,65000.0,56.04943318,29.11004658,407510.84,3220551.20
66+000,66000.0,56.05968956,29.11057166,408509.29,3220601.37
67+000,67000.0,56.06994607,29.11109595,409507.74,3220651.53
68+000,68000.0,56.08020270,29.11161946,410506.18,3220701.70
69+000,69000.0,56.09045946,29.11214218,411504.63,3220751.87
70+000,70000.0,56.10071229,29.11252832,412502.57,3220786.99
71+000,71000.0,56.11076264,29.11136955,413479.50,3220651.17
72+000,72000.0,56.12061700,29.10901062,414436.39,3220382.60
73+000,73000.0,56.13047513,29.10648326,415393.56,3220095.45
74+000,74000.0,56.14036173,29.10403131,416353.60,3219816.71
75+000,75000.0,56.15024788,29.10157863,417313.64,3219537.97
76+000,76000.0,56.16001296,29.09881636,418261.70,3219225.10
77+000,77000.0,56.16953039,29.09542133,419185.21,3218842.37
78+000,78000.0,56.17904720,29.09202562,420108.73,3218459.64
79+000,79000.0,56.18854307,29.08869796,421030.32,3218084.53
80+000,80000.0,56.19767986,29.08529739,421916.96,3217701.67
81+000,81000.0,56.20706634,29.08184529,422827.92,3217313.00
82+000,82000.0,56.21663641,29.07858347,423756.96,3216945.36
83+000,83000.0,56.22624387,29.07543643,424689.77,3216590.50
84+000,84000.0,56.23568421,29.07189005,425606.09,3216191.58
85+000,85000.0,56.24508958,29.06827078,426519.01,3215784.67
86+000,86000.0,56.25446001,29.06481806,427428.72,3215396.32
87+000,87000.0,56.26399121,29.06172402,428354.38,3215047.68
88+000,88000.0,56.27338274,29.05815469,429266.17,3214646.54
89+000,89000.0,56.28299874,29.05499606,430200.15,3214290.84
90+000,90000.0,56.29239239,29.05135731,431112.23,3213882.16
91+000,91000.0,56.30189003,29.04793156,432034.63,3213497.09
92+000,92000.0,56.31138435,29.04449903,432956.77,3213111.34
93+000,93000.0,56.32091732,29.04114930,433882.78,3212734.83
94+000,94000.0,56.33039755,29.03768602,434803.65,3212345.84
95+000,95000.0,56.33990736,29.03428764,435727.49,3211964.10
96+000,96000.0,56.34943568,29.03093168,436653.23,3211587.12
97+000,97000.0,56.35895120,29.02754642,437577.76,3211206.98
98+000,98000.0,56.36845763,29.02414173,438501.45,3210824.77
99+000,99000.0,56.37805239,29.02097014,439433.94,3210468.41
100+000,100000.0,56.38811507,29.01940284,440412.98,3210289.64
101+000,101000.0,56.39823072,29.01790876,441397.24,3210119.04
102+000,102000.0,56.40847703,29.01737064,442394.79,3210054.38
103+000,103000.0,56.41872712,29.01699902,443392.81,3210008.25
104+000,104000.0,56.42835716,29.01737698,444330.85,3210045.55
105+000,105000.0,56.43824146,29.01980850,445294.72,3210310.33
106+000,106000.0,56.44794459,29.02262984,446241.11,3210618.46
107+000,107000.0,56.45784714,29.02500621,447206.64,3210877.29
108+000,108000.0,56.46772989,29.02744668,448170.23,3211143.30
109+000,109000.0,56.47761048,29.02989461,449133.57,3211410.22
110+000,110000.0,56.48748757,29.03235320,450096.52,3211678.40
111+000,111000.0,56.49735586,29.03456974,451058.46,3211919.85
112+000,112000.0,56.50734293,29.03552193,452031.33,3212021.25
113+000,113000.0,56.51747087,29.03426078,453016.91,3211877.45
114+000,114000.0,56.52762566,29.03341693,454005.30,3211779.95
115+000,115000.0,56.53703645,29.03528716,454922.44,3211983.53
116+000,116000.0,56.54648877,29.03850073,455844.17,3212336.01
117+000,117000.0,56.55589626,29.04184823,456761.53,3212703.40
118+000,118000.0,56.56545259,29.04490125,457693.20,3213038.20
119+000,119000.0,56.57488444,29.04842250,458612.88,3213424.98
120+000,120000.0,56.58422831,29.05170498,459523.85,3213785.42
121+000,121000.0,56.59385042,29.05481574,460461.77,3214126.81
122+000,122000.0,56.60350150,29.05789680,461402.45,3214464.98
123+000,123000.0,56.61321844,29.06081446,462349.42,3214785.10
124+000,124000.0,56.62293594,29.06373143,463296.40,3215105.22
125+000,125000.0,56.63262557,29.06671354,464240.62,3215432.64
126+000,126000.0,56.64233257,29.06965872,465186.48,3215756.04
127+000,127000.0,56.65204014,29.07260321,466132.33,3216079.45
128+000,128000.0,56.66176134,29.07551292,467079.45,3216399.07
129+000,129000.0,56.67118994,29.07858214,467998.08,3216736.52
130+000,130000.0,56.68124956,29.08040189,468977.70,3216935.45
131+000,131000.0,56.69085151,29.08311141,469913.00,3217233.16
132+000,132000.0,56.69762890,29.08980242,470574.49,3217972.77
133+000,133000.0,56.70465312,29.09638551,471259.89,3218700.40
134+000,134000.0,56.71166736,29.10289620,471944.22,3219420.06
135+000,135000.0,56.71983902,29.10821672,472740.75,3220007.62
136+000,136000.0,56.72954904,29.11017734,473686.03,3220222.63
137+000,137000.0,56.73976925,29.11063195,474680.53,3220270.76
138+000,138000.0,56.74963412,29.10840165,475639.83,3220021.58
139+000,139000.0,56.75938220,29.11087293,476588.86,3220293.40
140+000,140000.0,56.76939782,29.11088537,477563.34,3220292.83
141+000,141000.0,56.77926867,29.10963348,478523.48,3220152.29
142+000,142000.0,56.78949672,29.10936286,479518.59,3220120.49
143+000,143000.0,56.79976253,29.10950259,480517.45,3220134.23
144+000,144000.0,56.80986911,29.11025736,481500.93,3220216.22
145+000,145000.0,56.82007591,29.11099768,482494.15,3220296.68
146+000,146000.0,56.83027338,29.11166315,483486.42,3220368.94
147+000,147000.0,56.84049379,29.11257563,484480.96,3220468.65
148+000,148000.0,56.85053983,29.11336154,485458.49,3220554.44
149+000,149000.0,56.86064660,29.11417244,486441.92,3220643.07
150+000,150000.0,56.87037132,29.11412944,487388.06,3220637.23
151+000,151000.0,56.87851863,29.11497904,488180.84,3220730.51
152+000,152000.0,56.88683517,29.11949713,488990.45,3221230.28
153+000,153000.0,56.89662334,29.11769908,489942.55,3221030.20
154+000,154000.0,56.90611817,29.11624575,490866.16,3220868.40
155+000,155000.0,56.91525695,29.11817668,491755.44,3221081.66
156+000,156000.0,56.92479812,29.11876196,492683.73,3221145.88
157+000,157000.0,56.93283415,29.12325122,493465.83,3221642.78
158+000,158000.0,56.94188202,29.12700970,494346.25,3222058.73
159+000,159000.0,56.95013343,29.13164686,495149.17,3222572.13
160+000,160000.0,56.95646987,29.13780045,495765.80,3223253.66
161+000,161000.0,56.96240477,29.14338852,496343.29,3223872.59
162+000,162000.0,56.97186286,29.14660858,497263.32,3224229.10
163+000,163000.0,56.98162997,29.14907556,498213.33,3224502.23
164+000,164000.0,56.98387469,29.15661537,498431.77,3225337.57
165+000,165000.0,56.98794993,29.16417584,498828.18,3226175.17
166+000,166000.0,56.98888690,29.17247413,498919.39,3227094.57
167+000,167000.0,56.98810917,29.18102554,498843.86,3228042.02
168+000,168000.0,56.99015883,29.18972536,499043.23,3229005.90
169+000,169000.0,56.98926818,29.19864678,498956.73,3229994.35
170+000,170000.0,56.98888306,29.20749148,498919.38,3230974.30
171+000,171000.0,56.99063469,29.21582430,499089.72,3231897.52
172+000,172000.0,56.98664478,29.22381268,498702.01,3232782.63
173+000,173000.0,56.98525367,29.23239188,498566.93,3233733.18
174+000,174000.0,56.98442798,29.24106183,498486.82,3234693.78
END KM 174+851.99,174851.99,56.98000545,29.24708651,498057.18,3235361.35
